County,School district,"K-12 enrollment, 2013-14","K-12 enrollment, 2023-24",% change
Atlantic,Absecon Public Schools District,850,804,-0.05411764705882349
Atlantic,Atlantic City School District,6973.5,5716,-0.1803255180325518
Atlantic,Atlantic County Vocational School District,1210,1805,0.49173553719008267
Atlantic,Atlantic County Special Services School District,404,294,-0.2722772277227723
Atlantic,Brigantine Public School District,667,327,-0.5097451274362819
Atlantic,Buena Regional School District,1962.5,1471,-0.2504458598726115
Atlantic,Egg Harbor City School District,446,510,0.1434977578475336
Atlantic,Egg Harbor Township School District,7542.5,6860,-0.09048723897911837
Atlantic,Estell Manor School District,181,171,-0.05524861878453036
Atlantic,Folsom Borough School District,415,360,-0.1325301204819277
Atlantic,Galloway Township Public School District,3302,2855,-0.13537250151423375
Atlantic,Greater Egg Harbor Regional High School District,3483,3009,-0.13608957795004306
Atlantic,Hamilton Township School District,3002,2509,-0.16422385076615587
Atlantic,Hammonton School District,3499.5,3134,-0.1044434919274182
Atlantic,Linwood City School District,838,753,-0.10143198090692129
Atlantic,Mainland Regional High School,1418,1170,-0.17489421720733422
Atlantic,Margate City School District,454,314,-0.3083700440528634
Atlantic,Mullica Township School District,699,535,-0.23462088698140204
Atlantic,Northfield City School District,977,811,-0.16990788126919143
Atlantic,Pleasantville Public School District,3349,3276,-0.02179755150791285
Atlantic,Port Republic School District,126,111,-0.11904761904761907
Atlantic,Somers Point School District,980,648,-0.3387755102040816
Atlantic,Ventnor City School District,774,413,-0.4664082687338501
Atlantic,Weymouth Township School District,176,148,-0.15909090909090906
Bergen,Allendale Public School District,876,879,0.003424657534246478
Bergen,Alpine Public School District,163,163,0
Bergen,Bergen County Special Services School District,692.5,631,-0.08880866425992784
Bergen,Bergen County Vocational Technical School District,2145.5,2790.5,0.30062922395711955
Bergen,Bergenfield Borough School District,3478,3536,0.016676250718803853
Bergen,Bogota Public School District,1096.5,1234,0.12539899680802558
Bergen,Carlstadt Public School District,576,476,-0.17361111111111116
Bergen,Carlstadt-East Rutherford Regional High School District,492,816,0.6585365853658536
Bergen,Cliffside Park School District,2808,2986,0.06339031339031331
Bergen,Closter Public School District,1092,1160,0.06227106227106227
Bergen,Cresskill Public School District,1744.5,1682,-0.03582688449412441
Bergen,Demarest School District,685,694,0.013138686131386912
Bergen,Dumont Public School District,2567,2477.5,-0.034865601869887075
Bergen,East Rutherford School District,716,715,-0.0013966480446927498
Bergen,Edgewater School District,573,627,0.09424083769633507
Bergen,Elmwood Park School District,2512,2513,3.980891719745916e-4
Bergen,Emerson Public School District,1145,1001,-0.125764192139738
Bergen,Englewood Public School District,2839.5,2588.5,-0.088395844338792
Bergen,Englewood Cliffs School District,509,390,-0.23379174852652262
Bergen,Fair Lawn Public School District,4653.5,5416.5,0.16396260878908353
Bergen,Fairview Public School District,1196,1447,0.20986622073578598
Bergen,Fort Lee School District,3734,3955,0.05918585966791645
Bergen,Franklin Lakes School District,1242,1150,-0.07407407407407407
Bergen,Garfield Public School District,4339,4193,-0.03364830606130442
Bergen,Glen Rock Public School District,2373,2563,0.08006742520016852
Bergen,Hackensack School District,5188.5,4855.5,-0.06418039895923677
Bergen,Harrington Park School District,639,612,-0.04225352112676062
Bergen,Hasbrouck Heights School District,1862,1637,-0.12083780880773365
Bergen,Haworth Public School District,436,446,0.022935779816513735
Bergen,Hillsdale School District,1280,1094,-0.14531249999999996
Bergen,Ho-Ho-Kus School District,641,543,-0.15288611544461783
Bergen,Leonia Public School District,1793.5,1999,0.1145804293281294
Bergen,Little Ferry Public School District,972,749,-0.22942386831275718
Bergen,Lodi School District,3166.5,2940,-0.07153008053055421
Bergen,Lyndhurst Public School District,2313,2556.5,0.1052745352356248
Bergen,Mahwah Township Public School District,3127,2689,-0.1400703549728174
Bergen,Maywood School District,947,967,0.021119324181626098
Bergen,Midland Park School District,981.5,845.5,-0.1385634233316353
Bergen,Montvale Board Of Education School District,1021,950,-0.06953966699314396
Bergen,Moonachie School District,251,316,0.2589641434262948
Bergen,New Milford Public School District,1985.5,1971,-0.007302946361118057
Bergen,North Arlington School District,1706,1955,0.14595545134818289
Bergen,Northern Highlands Regional High School District,1348,1261,-0.06454005934718099
Bergen,Northern Valley Regional High School District,2546,2256.5,-0.11370777690494893
Bergen,Northvale Public School District,474,534,0.12658227848101267
Bergen,Norwood Public School District,589,566,-0.039049235993208864
Bergen,Oakland Public School District,1596,1284,-0.19548872180451127
Bergen,Old Tappan Public School District,753,749,-0.005312084993359889
Bergen,Oradell Public School District,764,764,0
Bergen,Palisades Park School District,1617,1661,0.027210884353741527
Bergen,Paramus Public School District,3827,3434,-0.10269140318787562
Bergen,Park Ridge School District,1259.5,1132,-0.10123064708217544
Bergen,Pascack Valley Regional High School District,2057,1714.5,-0.16650461837627617
Bergen,Ramapo Indian Hills Regional High School District,2308,1880.5,-0.18522530329289433
Bergen,Ramsey School District,2876,2330.5,-0.18967315716272604
Bergen,Ridgefield School District,1741.5,1537,-0.11742750502440424
Bergen,Ridgefield Park Public School District,2318,1989.5,-0.14171699741156174
Bergen,Ridgewood Public School District,5721.5,5375,-0.06056104168487286
Bergen,River Dell Regional School District,1663,1559.5,-0.06223692122669877
Bergen,River Edge School District,1137,1188,0.04485488126649084
Bergen,River Vale Public School District,1256,968,-0.2292993630573248
Bergen,Rochelle Park School District,450,446,-0.008888888888888835
Bergen,Rutherford School District,2488,2427.5,-0.024316720257234747
Bergen,Saddle Brook School District,1649.5,1758.5,0.06608063049408908
Bergen,Saddle River School District,181,101,-0.4419889502762431
Bergen,South  Bergen Jointure Commission School District,270,258,-0.0444444444444444
Bergen,South Hackensack School District,238,235,-0.012605042016806678
Bergen,Teaneck School District,3684,3345.5,-0.09188382193268185
Bergen,Tenafly Public School District,3582,3402.5,-0.050111669458403174
Bergen,Upper Saddle River School District,1285,1070,-0.16731517509727623
Bergen,Waldwick School District,1585,1537.5,-0.029968454258675115
Bergen,Wallington Boro School District,1165.5,1175,0.00815100815100811
Bergen,Westwood Regional School District,2666,2723.5,0.021567891972993358
Bergen,Wood-Ridge School District,1125,1202,0.06844444444444453
Bergen,Woodcliff Lake School District,747,747,0
Bergen,Wyckoff Township Public School District,2121,1985,-0.06412069778406415
Burlington,Bass River Twp,110,NA,NA
Burlington,Beverly City School District,250,283,0.1319999999999999
Burlington,Bordentown Regional School District,2549,2151,-0.15613966261278933
Burlington,Burlington City Public School District,1543,1646,0.06675307841866496
Burlington,Burlington County Special Services School District,581,440,-0.2426850258175559
Burlington,Burlington County Institute Of Technology School District,2061,2069,0.0038816108685104656
Burlington,Burlington Township School District,4005,3388,-0.15405742821473156
Burlington,Chesterfield Township School District,667,662,-0.007496251874062998
Burlington,Cinnaminson Township School District,2333,2847,0.22031718816973855
Burlington,Delanco Township School District,390,350,-0.10256410256410253
Burlington,Delran Township School District,2931,2792,-0.047424087342204047
Burlington,Eastampton Township School District,612,540,-0.11764705882352944
Burlington,Edgewater Park Township School District,827,913,0.10399032648125761
Burlington,Evesham Township School District,4565,4254,-0.06812705366922234
Burlington,Florence Township School District,1597,1410,-0.11709455228553534
Burlington,Hainesport Township School District,656,507,-0.22713414634146345
Burlington,Lenape Regional High School District,6976,6485,-0.07038417431192656
Burlington,Lumberton Township Board Of Education,1502,1033,-0.3122503328894807
Burlington,Mansfield Township School District,701,518,-0.261055634807418
Burlington,Maple Shade School District,2163,2243,0.03698566805362913
Burlington,Medford Lakes School District,508,465,-0.08464566929133854
Burlington,Medford Township School District,2774,2645,-0.046503244412400835
Burlington,Moorestown Township Public School District,3959,3797,-0.04091942409699423
Burlington,Mount Holly Township Public School District,968,1006,0.03925619834710736
Burlington,Mount Laurel Township School District,4116,3980,-0.033041788143828965
Burlington,New Hanover Township,176,171,-0.02840909090909094
Burlington,North Hanover Township School District,1145,1128,-0.014847161572052348
Burlington,Northern Burlington County Regional School District,2085,2101,0.00767386091127098
Burlington,Palmyra Public School District,952,946,-0.006302521008403339
Burlington,Pemberton Township School District,4463,3797,-0.14922697736948243
Burlington,Rancocas Valley Regional High School District,2049,2005,-0.021473889702293802
Burlington,Riverside Township School District,1327,1428,0.07611152976639035
Burlington,Riverton School District,290,255,-0.12068965517241381
Burlington,Shamong Township School District,834,657,-0.21223021582733814
Burlington,Southampton Township School District,729,674,-0.07544581618655688
Burlington,Springfield Township School District,247,268,0.08502024291497978
Burlington,Tabernacle Township School District,757,664,-0.12285336856010565
Burlington,Washington Twp,23,NA,NA
Burlington,Westampton Township Public School District,972,868,-0.10699588477366251
Burlington,Willingboro Public School District,3625,3333,-0.08055172413793099
Burlington,Woodland Township School District,141,93,-0.34042553191489366
Camden,Audubon Public School District,1534,1292,-0.15775749674054762
Camden,Barrington School District,603,516,-0.14427860696517414
Camden,Bellmawr Public School District,1064,1025,-0.03665413533834583
Camden,Berlin Borough School District,848,815,-0.03891509433962259
Camden,Berlin Township School District,592,564,-0.04729729729729726
Camden,Black Horse Pike Regional School District,3887,3426,-0.1186004630820684
Camden,Brooklawn Public School District,322,249,-0.22670807453416153
Camden,Camden City School District,10562,5202,-0.5074796440068169
Camden,Camden County Technical School District,2201,2189,-0.005452067242162628
Camden,Cherry Hill School District,11010,10450,-0.05086285195277018
Camden,Clementon Elementary School District,433,548,0.2655889145496535
Camden,Collingswood Public School District,1829,2072,0.13285948605795506
Camden,Eastern Camden County Regional School District,2049,1898,-0.07369448511469012
Camden,Gibbsboro Elementary School District,246,239,-0.028455284552845517
Camden,Gloucester City Public School District,1820,2157,0.18516483516483517
Camden,Gloucester Township Public Schools,6668,6111,-0.08353329334133175
Camden,"Kipp: Cooper Norcross, A New Jersey Nonprofit Corporation",NA,2247,NA
Camden,"Camden Prep, Inc.",NA,1465,NA
Camden,"Mastery Schools Of Camden, Inc.",NA,2889,NA
Camden,Haddon Heights School District,1238,1443,0.1655896607431342
Camden,Haddon Township School District,1990,1977,-0.006532663316582865
Camden,Haddonfield School District,2477,2690,0.08599111828825201
Camden,Laurel Springs School District,176,173,-0.017045454545454586
Camden,Lawnside School District,258,296,0.1472868217054264
Camden,Lindenwold Public School District,2342,2877,0.22843723313407338
Camden,Magnolia School District,369,367,-0.005420054200542035
Camden,Merchantville School District,352,366,0.03977272727272729
Camden,Mt. Ephraim School District,414,379,-0.08454106280193241
Camden,Oaklyn Public School District,403,214,-0.46898263027295284
Camden,Pennsauken Township Board Of Education School District,4972,4639,-0.06697506033789224
Camden,Pine Hill School District,1845,1874,0.01571815718157188
Camden,Runnemede Public School District,792,731,-0.07702020202020199
Camden,Somerdale School District,498,415,-0.16666666666666663
Camden,Sterling Regional School District,897,881,-0.017837235228539527
Camden,Stratford School District,786,828,0.05343511450381677
Camden,Voorhees Township School District,2951,2883,-0.023043036258895255
Camden,Waterford Township School District,850,776,-0.08705882352941174
Camden,Winslow Township School District,4832,4606,-0.04677152317880795
Camden,Woodlynne School District,364,378,0.03846153846153855
Cape May,Avalon School District,58,66,0.13793103448275867
Cape May,Cape May City School District,135,121,-0.10370370370370374
Cape May,Cape May County Special Services School District,242.5,221.5,-0.08659793814432992
Cape May,Cape May County Technical High School District,658,608.5,-0.07522796352583583
Cape May,Dennis Township School District,568,545,-0.040492957746478875
Cape May,Lower Cape May Regional School District,1397,1126.5,-0.1936292054402291
Cape May,Lower Township Elementary School District,1639,1187,-0.275777913361806
Cape May,Middle Township Public School District,2393.5,2390.5,-0.0012533946104031912
Cape May,North Wildwood School District,292,150,-0.48630136986301364
Cape May,Ocean City School District,2096,1776,-0.15267175572519087
Cape May,Stone Harbor School District,73,78,0.06849315068493156
Cape May,Upper Township School District,1335,1318,-0.012734082397003799
Cape May,West Cape May School District,65,79,0.21538461538461529
Cape May,Wildwood City School District,828,723,-0.12681159420289856
Cape May,Wildwood Crest Borough School District,221,192,-0.13122171945701355
Cape May,Woodbine School District,172,204,0.18604651162790709
Cumberland,Bridgeton City School District,5112.5,5471,0.070122249388753
Cumberland,Commercial Township School District,534,355,-0.33520599250936334
Cumberland,Cumberland County Board Of Vocational Education,365.5,1194,2.2667578659370724
Cumberland,Cumberland Regional School District,1271.5,1178,-0.07353519465198588
Cumberland,Deerfield Township School District,315,272,-0.13650793650793647
Cumberland,Downe Township School District,168,150,-0.1071428571428571
Cumberland,Fairfield Township School District,485,441,-0.0907216494845361
Cumberland,Greenwich Township School District,64,74,0.15625
Cumberland,Hopewell Township School District,512,448,-0.125
Cumberland,Lawrence Township School District,477,435,-0.08805031446540879
Cumberland,Maurice River Township School District,416,331,-0.20432692307692313
Cumberland,Millville School District,5196.5,4418,-0.1498123737130761
Cumberland,Stow Creek Township School District,118,117,-0.008474576271186418
Cumberland,Upper Deerfield Township School District,838,822,-0.019093078758949833
Cumberland,Vineland Public School District,9386.5,9177,-0.0223192883396367
Essex,Belleville Public School District,4395,4555,0.03640500568828209
Essex,Bloomfield Township School District,6151,6180.5,0.004795968135262507
Essex,Caldwell-West School District,2611,2488.5,-0.046916890080428986
Essex,Cedar Grove Township School District,1655.5,1510.5,-0.08758683177287829
Essex,East Orange School District,8839,7964.5,-0.09893653128181923
Essex,Essex Regional Educational Services Commission,94,80,-0.14893617021276595
Essex,Essex County Schools Of Technology,2196.5,2074,-0.05577054404734805
Essex,Essex Fells School District,180,222,0.2333333333333334
Essex,Fairfield Public School District,624,671,0.07532051282051277
Essex,Glen Ridge Public School District,1862,1724.5,-0.07384532760472606
Essex,Irvington Public School District,6158,6307,0.024196167586878925
Essex,Livingston Board Of Education School District,5833.5,6378,0.09334019028027774
Essex,Millburn Township School District,4849,4643,-0.04248298618271806
Essex,Montclair Public School District,6662,5940.5,-0.10830081056739715
Essex,Newark Public School District,33810.5,36176,0.06996347288564198
Essex,North Caldwell School District,630,646,0.025396825396825307
Essex,Nutley Public School District,4006.5,4015,0.002121552477224453
Essex,Orange Board Of Education School District,4653.5,5105.5,0.09713119157623296
Essex,Roseland School District,440,421,-0.04318181818181821
Essex,South Orange-Maplewood School District,6733,6570,-0.024209119263329915
Essex,Verona Public School District,2146,2132.5,-0.0062907735321527936
Essex,West Essex Regional School District,1648.5,1674,0.015468607825295688
Essex,West Orange Public Schools,6840,6556,-0.04152046783625729
Gloucester,Clayton Public School District,1315,1337,0.016730038022813698
Gloucester,Clearview Regional High School District,2490,2110,-0.15261044176706828
Gloucester,Deptford Township Public School District,4120,3841,-0.0677184466019417
Gloucester,East Greenwich Township School District,1193,1178,-0.012573344509639539
Gloucester,Elk Township School District,335,318,-0.05074626865671639
Gloucester,Township Of Franklin School District,1375,1276,-0.07199999999999995
Gloucester,Gateway Regional High School District,898,875,-0.025612472160356337
Gloucester,Glassboro School District,2063,1781,-0.13669413475521086
Gloucester,Gloucester County Special Services School District,673,516,-0.2332838038632986
Gloucester,Gloucester County Vocational-Technical School District,1319,1641,0.24412433661865052
Gloucester,Greenwich Township School District,476,379,-0.20378151260504207
Gloucester,Harrison Township School District,1466,1316,-0.10231923601637105
Gloucester,Kingsway Regional School District,2445.5,2941.5,0.20282150889388673
Gloucester,Logan Township School District,788,712,-0.09644670050761417
Gloucester,Mantua Township School District,1262,1111,-0.11965134706814584
Gloucester,Monroe Township Public School District,6075,5411,-0.1093004115226337
Gloucester,National Park Boro School District,233,233,0
Gloucester,Paulsboro School District,1122,1191,0.06149732620320858
Gloucester,Pitman Boro School District,1423,1029,-0.2768798313422347
Gloucester,South Harrison Township School District,361,296,-0.1800554016620498
Gloucester,Delsea Regional High School District,1773,1586.5,-0.10518894529046818
Gloucester,Swedesboro-Woolwich School District,1700,1524,-0.10352941176470587
Gloucester,Washington Township School District,7636,6937.5,-0.09147459402828706
Gloucester,Wenonah  Boro School District,223,153,-0.31390134529147984
Gloucester,West Deptford Township School District,2971,2598,-0.12554695388757997
Gloucester,Westville Boro Public School District,328,314,-0.04268292682926833
Gloucester,Woodbury City Public School District,1437,1546,0.07585247042449539
Gloucester,Woodbury Heights Public School District,208,242,0.16346153846153855
Hudson,Bayonne School District,9101,9440.5,0.0373035930117569
Hudson,East Newark School District,254,202,-0.20472440944881887
Hudson,Guttenberg School District,987,929,-0.058763931104356626
Hudson,Harrison Public Schools,2036,2168,0.06483300589390972
Hudson,Hoboken Public School District,1749,2537,0.4505431675242997
Hudson,Hudson County Schools Of Technology School District,2132,2526.5,0.18503752345215752
Hudson,Jersey City Public Schools,25284,22102,-0.12585034013605445
Hudson,Kearny,5650,4985,-0.11769911504424779
Hudson,North Bergen School District,7816,6869,-0.12116171954964172
Hudson,Secaucus School District,2099,2074,-0.01191043353978083
Hudson,Union City School District,11155,11181,0.002330793366203565
Hudson,Weehawken Public School District,1194,1207,0.010887772194304812
Hudson,West New York School District,7006,7006,0
Hunterdon,Alexandria Township School District,498,396,-0.20481927710843373
Hunterdon,Bethlehem Township School District,447,355,-0.2058165548098434
Hunterdon,Bloomsbury Borough School District,121,91,-0.2479338842975206
Hunterdon,Califon Borough School District,99,74,-0.2525252525252525
Hunterdon,Clinton-Glen Gardner School District,471,436,-0.07430997876857748
Hunterdon,Clinton Township School District,1467,1133,-0.22767552828902526
Hunterdon,Delaware Township School District,390,380,-0.02564102564102566
Hunterdon,Delaware Valley Regional High School District,911,665,-0.27003293084522506
Hunterdon,East Amwell Township School District,385,341,-0.11428571428571432
Hunterdon,South Hunterdon Regional School District,NA,717,NA
Hunterdon,Flemington-Raritan Regional School District,3372,3043,-0.09756820877817318
Hunterdon,Franklin Township School District,277,257,-0.07220216606498198
Hunterdon,Frenchtown Borough School District,125,91,-0.272
Hunterdon,Hampton Borough School District,67,83,0.23880597014925375
Hunterdon,High Bridge Borough School District,345,300,-0.13043478260869568
Hunterdon,Holland Township School District,575,475,-0.17391304347826086
Hunterdon,Hunterdon Central Regional High School District,2953.5,2374,-0.19620788894531915
Hunterdon,Hunterdon County Educational Services Commission,93.5,NA,NA
Hunterdon,Hunterdon County Vocational School District,236.5,578.5,1.4460887949260042
Hunterdon,Kingwood Township School District,355,317,-0.10704225352112673
Hunterdon,Lambertville City,239,NA,NA
Hunterdon,Lebanon Borough School District,80,72,-0.09999999999999998
Hunterdon,Lebanon Township School District,709,540,-0.23836389280677006
Hunterdon,Milford Borough School District,88,55,-0.375
Hunterdon,North Hunterdon-Voorhees Regional High School District,2770,1920,-0.3068592057761733
Hunterdon,Readington Township School District,1753,1359,-0.22475755847119228
Hunterdon,South Hunterdon Regional,412.5,NA,NA
Hunterdon,Stockton Boro,50,NA,NA
Hunterdon,Tewksbury Township School District,674,472,-0.2997032640949555
Hunterdon,Union Township School District,497,444,-0.10663983903420526
Hunterdon,West Amwell Twp,234,NA,NA
Mercer,East Windsor Regional School District,5075,4969,-0.020886699507389195
Mercer,Ewing Township School District,3580.5,3422,-0.04426756039659263
Mercer,Marie H. Katzenbach School For The Deaf,NA,80,NA
Mercer,Hamilton Township Public School District,11923.5,11831,-0.00775778923973669
Mercer,Hopewell Valley Regional School District,3649,3288.5,-0.09879419018909286
Mercer,Lawrence Township Public School District,3956,3590,-0.09251769464105153
Mercer,Mercer County Special Services School District,626.5,413.5,-0.3399840383080607
Mercer,Area Vocational Technical School District Of Mercer County,479,781.5,0.6315240083507307
Mercer,Princeton Public School District,3364.5,3619,0.07564274037747065
Mercer,Trenton Public School District,10969.5,13104,0.19458498564200744
Mercer,Robbinsville Public School District,2916,2930.5,0.004972565157750353
Mercer,West Windsor-Plainsboro Regional School District,9652.5,8849.5,-0.08319088319088319
Middlesex,Carteret Public School District,3594,3717.5,0.03436282693377857
Middlesex,Cranbury Township School District,530,432,-0.18490566037735845
Middlesex,Dunellen Public School District,1129,1313,0.16297608503100092
Middlesex,East Brunswick Township School District,8165,7981,-0.022535211267605604
Middlesex,Edison Township School District,14436,16545,0.14609310058187863
Middlesex,Highland Park Boro School District,1510,1528,0.01192052980132452
Middlesex,Jamesburg Public School District,612,591,-0.03431372549019607
Middlesex,Metuchen Public School District,2120.5,2242,0.057297807120962
Middlesex,Middlesex Borough School District,2086,2017.5,-0.03283796740172584
Middlesex,Educational Services Commission Of New Jersey,646.5,718,0.11059551430781123
Middlesex,Middlesex County Vocational And Technical School District,1968.5,2129,0.08153416306832617
Middlesex,Milltown School District,653,779,0.1929555895865238
Middlesex,Monroe Township School District,6104.5,6813.5,0.116143828323368
Middlesex,New Brunswick School District,7896,8326,0.054457953394123626
Middlesex,North Brunswick Township School District,6073.5,5453,-0.10216514365687002
Middlesex,Old Bridge Township School District,8894.5,7830,-0.11968070155714206
Middlesex,Perth Amboy Public School District,8915,8979.5,0.0072349971957375026
Middlesex,Piscataway Township School District,7242,6683.5,-0.07711958022645682
Middlesex,Sayreville School District,6002.5,5708,-0.049062890462307385
Middlesex,South Amboy School District,1061.5,1081.5,0.018841262364578393
Middlesex,South Brunswick School District,8749,7598,-0.13155789233055204
Middlesex,South Plainfield School District,3436.5,3500,0.018478102720791423
Middlesex,South River Public School District,2254.5,2267,0.005544466622311006
Middlesex,Spotswood Public School District,1748,1614,-0.07665903890160186
Middlesex,Woodbridge Township School District,13425,13660.5,0.01754189944134077
Monmouth,Asbury Park School District,1904.5,1161.5,-0.39012864268836966
Monmouth,Atlantic Highlands School District,278,233,-0.1618705035971223
Monmouth,Avon Boro School District,156,103,-0.33974358974358976
Monmouth,Bayshore Jointure Commission School District,58,57,-0.017241379310344862
Monmouth,Belmar Elementary School District,521,338,-0.3512476007677543
Monmouth,Bradley Beach School District,276,162,-0.4130434782608695
Monmouth,Brielle Boro School District,557,459,-0.17594254937163378
Monmouth,Colts Neck Township School District,970,945,-0.02577319587628868
Monmouth,Deal Boro School District,155,152,-0.01935483870967747
Monmouth,Eatontown Public School District,1037,859,-0.17164898746383794
Monmouth,Fair Haven School District,996,916,-0.08032128514056225
Monmouth,Farmingdale Public School District,144,145,0.00694444444444442
Monmouth,Freehold Borough School District,1515,1460,-0.0363036303630363
Monmouth,Freehold Regional High School District,11270.5,9981,-0.11441373497182916
Monmouth,Freehold Township School District,4001,3308,-0.17320669832541868
Monmouth,Hazlet Township Public School District,3032.5,2519,-0.16933223413025555
Monmouth,Henry Hudson Regional School District,314.5,302,-0.03974562798092207
Monmouth,Highlands Borough School District,157,140,-0.10828025477707004
Monmouth,Holmdel Township School District,3037.5,2794.5,-0.07999999999999996
Monmouth,Howell Township Public School District,6229,5263,-0.15508107240327496
Monmouth,Keansburg School District,1354,1364,0.007385524372230501
Monmouth,Keyport School District,1015,878.5,-0.1344827586206897
Monmouth,Little Silver Boro School District,834,686,-0.1774580335731415
Monmouth,Long Branch Public School District,4610.5,4736.5,0.02732892311029178
Monmouth,Manalapan-Englishtown Regional School District,5018,4541,-0.09505779194898367
Monmouth,Manasquan School District,1625.5,1380,-0.15103045216856348
Monmouth,Marlboro Township School District,5236,4428,-0.15431627196333075
Monmouth,Matawan-Aberdeen Regional School District,3739,3548,-0.05108317732013912
Monmouth,Middletown Township Public School District,9586.5,8552.5,-0.10786001147446933
Monmouth,Millstone Township School District,1252,1093,-0.1269968051118211
Monmouth,Monmouth Beach School District,271,212,-0.21771217712177127
Monmouth,Monmouth-Ocean Educational Services Commission School Distri,16,17,-0.29166666666666663
Monmouth,Monmouth County Vocational School District,2173,2061,-0.05154164749194656
Monmouth,Monmouth Regional High School,958,892,-0.06889352818371608
Monmouth,Neptune City School District,383,233,-0.39164490861618795
Monmouth,Neptune Township School District,3967.5,2939,-0.2592312539382483
Monmouth,Township Of Ocean School District,3732.5,2902.5,-0.22237106496985937
Monmouth,Oceanport School District,596,542,-0.09060402684563762
Monmouth,Red Bank Borough Public School District,1023,1054,0.030303030303030276
Monmouth,Red Bank Regional School District,1173.5,1275.5,0.08691947166595648
Monmouth,Roosevelt Borough Public School District,86,77,-0.10465116279069764
Monmouth,Rumson Borough School District,947,873,-0.07814149947201687
Monmouth,Rumson-Fair Haven Regional High School District,913,848,-0.07119386637458924
Monmouth,Sea Girt Borough School District,157,125,-0.20382165605095537
Monmouth,Shore Regional High School District,629,547.5,-0.12957074721780604
Monmouth,Shrewsbury Borough School District,462,437,-0.05411255411255411
Monmouth,Spring Lake Borough,223,126,-0.43497757847533636
Monmouth,Spring Lake Heights School District,345,242,-0.2985507246376812
Monmouth,Tinton Falls School District,1513,1320,-0.12756113681427628
Monmouth,Union Beach Public School District,603,498,-0.17412935323383083
Monmouth,Upper Freehold Regional School District,2293,1979.5,-0.13672045355429563
Monmouth,Wall Township Public School District,3690,3071.5,-0.16761517615176147
Monmouth,West Long Branch School District,576,523,-0.09201388888888884
Morris,Boonton Town Public School District,1189,1387.5,0.16694701429772918
Morris,Boonton Township School District,470,393,-0.1638297872340425
Morris,Butler Public School District,1124,1138,0.01245551601423478
Morris,School District Of The Chathams,4102,3469.5,-0.1541930765480254
Morris,Chester Township School District,1172,965,-0.17662116040955633
Morris,Denville Township K-8 School District,1693,1647,-0.027170702894270482
Morris,Dover Public School District,2979.5,3164.5,0.0620909548581976
Morris,East Hanover Township School District,977,964,-0.013306038894575267
Morris,Florham Park School District,989,906,-0.08392315470171896
Morris,Hanover Park Regional High School District,1564,1275,-0.18478260869565222
Morris,Hanover Township School District,1481,1211,-0.18230925050641456
Morris,Harding Township School District,303,287,-0.05280528052805278
Morris,Jefferson Township Public School District,3282,2393,-0.27087141986593544
Morris,Kinnelon School District,2072.5,1618.5,-0.21905910735826295
Morris,Lincoln Park School District,914,834,-0.08752735229759301
Morris,Madison Public School District,2502.5,2430,-0.02897102897102899
Morris,Mendham Borough School District,600,464,-0.22666666666666668
Morris,Mendham Township School District,713,737,0.033660589060308554
Morris,Mine Hill Township School District,362,337,-0.06906077348066297
Morris,Montville Township School District,3925.5,3348,-0.14711501719526177
Morris,Educational Services Commission Of Morris County,53,29,-0.4528301886792453
Morris,Morris County Vocational School District,928.5,1521,0.6381260096930532
Morris,Morris Hills Regional School District,2724,2589.5,-0.04937591776798822
Morris,Morris Plains School District,622,588,-0.054662379421221874
Morris,Morris School District,4965.5,5018,0.010572953378310324
Morris,Mount Arlington Public School District,335,340,0.014925373134328401
Morris,Mount Olive Township School District,4628,4671,0.00929127052722567
Morris,Mountain Lakes Public School District,1535,1302,-0.15179153094462539
Morris,Netcong School District,285,251,-0.11929824561403513
Morris,Parsippany-Troy Hills Township School District,6917.5,6945.5,0.004047705095771681
Morris,Long Hill Township School District,831,822,-0.010830324909747335
Morris,Pequannock Township School District,2235.5,2019,-0.09684634309997764
Morris,Randolph Township School District,4880,4134.5,-0.152766393442623
Morris,Riverdale School District,316,272,-0.1392405063291139
Morris,Rockaway Borough School District,591,530,-0.10321489001692052
Morris,Rockaway Township School District,2374,2356,-0.0075821398483572056
Morris,Roxbury Township School District,3730,3297.5,-0.11595174262734587
Morris,Washington Township School District,2332,1932,-0.17152658662092624
Morris,West Morris Regional High School District,2745,2048.5,-0.2537340619307833
Morris,Wharton Borough School District,768,683,-0.11067708333333337
Ocean,Barnegat Township School District,3140.5,3268.5,0.040757841108103765
Ocean,Bay Head Borough School District,135,120,-0.11111111111111116
Ocean,Beach Haven School District,57,54,-0.052631578947368474
Ocean,Berkeley Township School District,2076,1993,-0.039980732177263945
Ocean,Brick Township Public School District,9333.5,7561.5,-0.18985375261156046
Ocean,Central Regional School District,1895,2197.5,0.1596306068601583
Ocean,Eagleswood Township School District,126,121,-0.03968253968253965
Ocean,Island Heights School District,108,123,0.13888888888888884
Ocean,Jackson Township School District,8938.5,6985.5,-0.21849303574425238
Ocean,Lacey Township School District,4466,3605.5,-0.19267801164352893
Ocean,Lakehurst School District,362,327,-0.09668508287292821
Ocean,Lakewood Township School District,5447,3865.5,-0.29034330824306953
Ocean,Lavallette Borough School District,137,142,0.03649635036496357
Ocean,Little Egg Harbor Township School District,1367,1370,0.002194586686174116
Ocean,Long Beach Island Consolidated School District,212,164,-0.2264150943396226
Ocean,Manchester Township School District,3015.5,2674.5,-0.11308240756093513
Ocean,Ocean County Vocational Technical School District,1342.5,1426.5,0.06256983240223457
Ocean,Ocean Gate School District,122,110,-0.09836065573770492
Ocean,Ocean Township School District,474,460,-0.029535864978902926
Ocean,Pinelands Regional School District,1618,1534.5,-0.051606922126081534
Ocean,Plumsted Township School District,1431,1037,-0.27533193570929415
Ocean,Point Pleasant Borough School District,2867,2588.5,-0.09713986745727243
Ocean,Point Pleasant Beach School District,801.5,611.5,-0.2370555208983156
Ocean,Seaside Heights School District,183,147,-0.19672131147540983
Ocean,Southern Regional School District,2995.5,2671,-0.10832916040727758
Ocean,Stafford Township School District,2129,2175,0.02160638797557546
Ocean,Toms River Regional School District,16133.5,13902.5,-0.13828369541636965
Ocean,Tuckerton Borough School District,314,251,-0.2006369426751592
Passaic,Bloomingdale School District,598,539,-0.09866220735785958
Passaic,Clifton Public School District,10853,10060,-0.07306735464848424
Passaic,Haledon Public School District,976,923,-0.05430327868852458
Passaic,Hawthorne Public School District,2290,2126,-0.07161572052401743
Passaic,Lakeland Regional High School District,1007,840,-0.16583912611717977
Passaic,Little Falls Township Public School District,904,873,-0.034292035398230114
Passaic,North Haledon School District,711,598,-0.15893108298171588
Passaic,Passaic City School District,12405,10811,-0.128496573962112
Passaic,Northern Region Educational Services Commission,78,75,-0.038461538461538436
Passaic,Passaic County Manchester Regional High School District,911,819,-0.10098792535675083
Passaic,Passaic Valley Regional High School District,1363.5,1060,-0.2225889255592226
Passaic,Passaic County Technical-Vocational School District,3267,4545,0.3911845730027548
Passaic,Paterson Public School District,24426,20991,-0.14062883812331117
Passaic,Pompton Lakes School District,1670,1686,0.009580838323353325
Passaic,Prospect Park Public School District,812,723,-0.10960591133004927
Passaic,Ringwood School District,1216,1004,-0.17434210526315785
Passaic,Totowa Public School District,1019,843,-0.17271835132482827
Passaic,Wanaque School District,904,834,-0.07743362831858402
Passaic,Wayne Township Public School District,8220.5,7446,-0.09421568031141658
Passaic,West Milford Township Public School District,3638,2875,-0.20973062122045083
Passaic,Woodland Park School District,1106,1080,-0.023508137432188048
Salem,Alloway Twp School District,361,258,-0.28531855955678675
Salem,Elsinboro Township School District,137,112,-0.18248175182481752
Salem,The Lower Alloways Creek School District,177,151,-0.14689265536723162
Salem,Mannington Township School District,159,132,-0.16981132075471694
Salem,Oldmans Township School District,254,273,0.0748031496062993
Salem,Penns Grove-Carneys Point Regional School District,2189,2048,-0.06441297396071266
Salem,Pennsville School District,1721,1660.5,-0.03515398024404415
Salem,Pittsgrove Township School District,1676,1503,-0.1032219570405728
Salem,Quinton Township School District,318,232,-0.2704402515723271
Salem,Salem City School District,1026.5,1095,0.06673161227471991
Salem,Salem County Special Services School District,174.5,178,0.02005730659025784
Salem,Salem County Vocational Technical School District,773.5,784.5,0.014221073044602406
Salem,Upper Pittsgrove Twp School District,350,298,-0.14857142857142858
Salem,Woodstown-Pilesgrove Regional School District,1396,1358,-0.027220630372492782
Somerset,Bedminster Township Public School District,495,412,-0.16767676767676765
Somerset,Bernards Township School District,5715.5,4654,-0.18572303385530575
Somerset,Bound Brook School District,1643.5,1841.5,0.12047459689686635
Somerset,Branchburg Township School District,1604,1341,-0.16396508728179549
Somerset,Bridgewater-Raritan Regional School District,8496.5,7718,-0.09162596363208375
Somerset,Franklin Township Public School District,7395,6577.5,-0.1105476673427992
Somerset,Green Brook Township Public School District,920,681,-0.2597826086956522
Somerset,Hillsborough Township Public School District,7146.5,7082,-0.009025397047505823
Somerset,Manville School District,1368.5,1636.5,0.1958348556814029
Somerset,Montgomery Township School District,4733.5,4412,-0.06792014365691346
Somerset,North Plainfield School District,3242.5,3414,0.05289128758673867
Somerset,Somerset County Educational Services Commission School Distr,175,126,-0.28
Somerset,Somerset County Vocational And Technical School District,551.5,526.5,-0.045330915684496875
Somerset,Somerset Hills Regional School District,1997,1649,-0.17426139208813218
Somerset,Somerville Public School District,2357,2023,-0.14170555791260075
Somerset,South Bound Brook Public School District,421,410,-0.026128266033254133
Somerset,Warren Township School District,1895,1592,-0.15989445910290234
Somerset,Watchung Borough School District,693,646,-0.06782106782106778
Somerset,Watchung Hills Regional High School District,2178,1684,-0.22681359044995408
Sussex,Andover Regional School District,591,408,-0.30964467005076146
Sussex,Byram Township School District,884,786,-0.11085972850678738
Sussex,Frankford Township Consolidated School District,530,477,-0.09999999999999998
Sussex,Franklin Borough School District,456,430,-0.05701754385964908
Sussex,Fredon Township School District,276,172,-0.37681159420289856
Sussex,Green Township School District,480,390,-0.1875
Sussex,Hamburg School District,272,200,-0.2647058823529411
Sussex,Hampton Township School District,332,301,-0.09337349397590367
Sussex,Hardyston Township School District,735,551,-0.25034013605442174
Sussex,High Point Regional High School District,995,794,-0.2020100502512563
Sussex,Hopatcong Borough School District,1745,1412,-0.19083094555873925
Sussex,Kittatinny Regional School District,1116,745,-0.3324372759856631
Sussex,Lafayette Township School District,248,204,-0.17741935483870963
Sussex,Lenape Valley Regional High School District,831,668,-0.1961492178098676
Sussex,Montague Township School District,242,254,0.04958677685950419
Sussex,Newton Public School District,1471.5,1463.5,-0.0054366292898403445
Sussex,Ogdensburg Borough School District,275,232,-0.15636363636363637
Sussex,Sandyston-Walpack Consolidated School District,148,128,-0.1351351351351351
Sussex,Sparta Township Public School District,3232,3169,-0.019492574257425788
Sussex,Stanhope School District,357,303,-0.1512605042016807
Sussex,Stillwater Township School District,316,234,-0.259493670886076
Sussex,Sussex-Wantage Regional School District,1208,1013,-0.1614238410596026
Sussex,Northern Hills Academy School District,36,50,0.38888888888888884
Sussex,Sussex County Technical School District,772,720,-0.06735751295336789
Sussex,Vernon Township School District,3431.5,2817.5,-0.17893049686725926
Sussex,Wallkill Valley Regional High School,668,615.5,-0.07859281437125754
Union,Berkeley Heights School District,2647,2370.5,-0.1044578768417076
Union,Clark Township Public School District,2283,2236.5,-0.02036793692509853
Union,Cranford Public School District,3794.5,3680,-0.030175253656608225
Union,Elizabeth Public Schools,22193,25011.5,0.12699950434821794
Union,Garwood Boro,378,342,-0.09523809523809523
Union,Hillside Public School District,2838,2726.5,-0.039288231148696284
Union,Kenilworth School District,1384.5,1377.5,-0.0050559768869627986
Union,Linden Public School District,5705,5903.5,0.0347940403155127
Union,Morris-Union Jointure Commission School District,263,216,-0.17870722433460073
Union,Mountainside School District,763,726,-0.04849279161205766
Union,New Providence School District,2280,2271.5,-0.003728070175438636
Union,Plainfield Public School District,7112,8555,0.20289651293588307
Union,Rahway Public School District,3583.5,3779.5,0.05469513045904839
Union,Roselle Public School District,2603,2934,0.1271609681137149
Union,Roselle Park Public School District,1898.5,1901.5,0.0015801948907032681
Union,Scotch Plains-Fanwood School District,5310.5,5472.5,0.030505602109029306
Union,Springfield Public School District,2208.5,2068.5,-0.06339144215530901
Union,Summit Public School District,4050.5,3936.5,-0.02814467349709915
Union,Union County Educational Services Commission,313,307,-0.019169329073482455
Union,Union County Vocational-Technical School District,1594.5,1959.5,0.228911884603324
Union,Township Of Union School District,7226.5,7232,7.610876634609465e-4
Union,Westfield Public School District,6175,5782.5,-0.06356275303643721
Union,Winfield Township,124,127,0.024193548387096753
Warren,Allamuchy Township School District,443,399,-0.09932279909706543
Warren,Alpha Borough School District,234,188,-0.19658119658119655
Warren,Belvidere School District,738,535,-0.2750677506775068
Warren,Blairstown Elementary Township School District,513,400,-0.22027290448343084
Warren,Franklin Township School District,226,173,-0.23451327433628322
Warren,Frelinghuysen Township School District,148,108,-0.2702702702702703
Warren,Great Meadows Regional School District,812,623,-0.23275862068965514
Warren,Greenwich Township School District,820,587,-0.28414634146341466
Warren,Hackettstown Public School District,1891,1955,0.0338445267054468
Warren,Harmony Township School District,246,168,-0.31707317073170727
Warren,Hope Township School District,173,124,-0.2832369942196532
Warren,Knowlton Township School District,233,165,-0.2918454935622318
Warren,Lopatcong Township School District,829,689,-0.16887816646562126
Warren,Mansfield Township Elementary School District,694,551,-0.2060518731988472
Warren,North Warren Regional School District,963,619,-0.35721703011422634
Warren,Oxford Township School District,300,237,-0.20999999999999996
Warren,Phillipsburg School District,3422,3649.5,0.06648158971361773
Warren,Pohatcong Township School District,339,287,-0.15339233038348088
Warren,Warren Co Special Service,38,NA,NA
Warren,Warren County Vocational Technical School,444,406,-0.0855855855855856
Warren,Warren Hills Regional School District,1873,1546,-0.17458622530699408
Warren,Washington Borough School District,522,488,-0.06513409961685823
Warren,Washington Township School District,526,380,-0.2775665399239544
Warren,White Township Consolidated School District,330,236,-0.2848484848484848
State Total,State Total,1335360,1296525,-0.029082045291157432
Atlantic,County Total,43729,38004,-0.13091998444967867
Bergen,County Total,131647,127807.5,-0.029165115802107122
Burlington,County Total,69159,64812,-0.06285515984904355
Camden,County Total,74474,74147,-0.004390794102639872
Cape May,County Total,12173,10786,-0.11394068840877347
Cumberland,County Total,25259.5,24883,-0.014905283160790983
Essex,County Total,113018.5,114035,0.008994102735392806
Gloucester,County Total,47708.5,44393.5,-0.06948447341668673
Hudson,County Total,76463,73227,-0.04232112263447685
Hunterdon,County Total,20695,16968.5,-0.1800676491906258
Mercer,County Total,56192,56878.5,0.015914266577361058
Middlesex,County Total,119253,119507.5,0.002134118219248249
Monmouth,County Total,97610.5,85301,-0.12610835924413866
Morris,County Total,76211,70318.5,-0.07731823490047374
Ocean,County Total,71227,61487,-0.1367458969211114
Passaic,County Total,78375,70751,-0.09727591706539074
Salem,County Total,10712.5,10083,-0.058763127187864694
Somerset,County Total,53028,48426,-0.08678434034849514
Sussex,County Total,21648,18537.5,-0.14368532889874353
Union,County Total,86728.5,90917,0.048294389964083306
Warren,County Total,16757,14513.5,-0.1338843468401265
